Workbook

Sheet LEEME
A1: SITUACIÓN N.º 3 – 11 BCB «GALÁPAGOS» · Chimborazo · Base de datos para mapa interactivo
A3: Hoja | B3: Contenido / uso en el mapa
A4: DIAPOSITIVAS | B4: Índice de las 13 láminas: título, contenido y archivo de imagen en la carpeta laminas/.
A5: SITUACION_GENERAL | B5: Cifras clave del evento (96 horas, 707 personas, corredores E487 y E35, alerta roja) y las 5 fases de respuesta.
A6: JURISDICCION | B6: Los 26 cantones del mapa de jurisdicción (Bolívar, Chimborazo, Tungurahua) con su posición en la lámina 1.
A7: CANTONES_AFECTADOS | B7: 1 fila = 1 marcador. Los 5 cantones con alerta (lámina 2): evento, alerta, unidad responsable, lat/lon y píxeles.
A8: ZONAS_IMPACTO | B8: Sectores y ejes viales afectados: tipología, estado y prioridad táctica (lámina 4).
A9: POBLACION_AISLADA | B9: Parroquias aisladas con familias y personas (lámina 8). Totales con fórmulas.
A10: PERSONAL_MILITAR | B10: Puesto de mando y unidades con efectivos y eje de responsabilidad (lámina 5). Total con fórmula.
A11: MEDIOS | B11: Medios de la 11 BCB y maquinaria civil / interinstitucional (lámina 6).
A12: INSTITUCIONES | B12: Red de coordinación del Puesto de Mando 11BCB (lámina 7) y personal de cada institución.
A13: LINEAS_ACCION | B13: Búsqueda y rescate, asistencia humanitaria y seguridad territorial (láminas 9–11).
A14: OPERACIONES_INST | B14: Operaciones de SNGR, MIT/GADs, ECU 911, MSP y Cruz Roja (lámina 12).
... A24: Unir tablas | B24: Clave común: canton. CANTONES_AFECTADOS se une con ZONAS_IMPACTO, POBLACION_AISLADA, PERSONAL_MILITAR y SITIOS_REFERENCIA por esa columna.

Sheet DIAPOSITIVAS
A1: n | B1: titulo | C1: contenido | D1: hoja_excel | E1: archivo_imagen
A2: 1 | B2: Jurisdicción de la 11 BCB «Galápagos» | C2: Mapa de cantones de Bolívar, Chimborazo y Tungurahua. | D2: JURISDICCION | E2: Diapositiva_01.png
A3: 2 | B3: Cantones afectados | C3: Mapa de Chimborazo con 5 alertas y resumen por grupos de cantones. | D3: CANTONES_AFECTADOS | E3: Diapositiva_02.png
A4: 3 | B4: Eventos múltiples simultáneos | C4: 96 horas de lluvia, 707 personas aisladas, corredores E487 y E35 cortados; alerta roja y 5 fases. | D4: SITUACION_GENERAL | E4: Diapositiva_03.png
A5: 4 | B5: Zonas de impacto y tipologías de riesgo | C5: 5 sectores / ejes viales con tipología, estado y prioridad. | D5: ZONAS_IMPACTO | E5: Diapositiva_04.png
A6: 5 | B6: Personal militar empleado | C6: Puesto de mando, GCB-32, ERS-11 y Fuerza de Reacción: 323 efectivos. | D6: PERSONAL_MILITAR | E6: Diapositiva_05.png
A7: 6 | B7: Medios de las instituciones empleados | C7: Camiones de la 11 BCB y maquinaria civil / interinstitucional. | D7: MEDIOS | E7: Diapositiva_06.png
A8: 7 | B8: Instituciones empleadas | C8: Red de coordinación alrededor del Puesto de Mando 11BCB. | D8: INSTITUCIONES | E8: Diapositiva_07.png
A9: 8 | B9: Alojamientos temporales (AT) | C9: Población aislada en Pungalá, Punín y Licán: 273 familias; seguridad militar de los AT. | D9: POBLACION_AISLADA | E9: Diapositiva_08.png
A10: 9 | B10: Búsqueda, salvamento y evacuación | C10: Rescate con Bomberos y evacuación segura con ECO. | D10: LINEAS_ACCION | E10: Diapositiva_09.png
A11: 10 | B11: Asistencia humanitaria y logística | C11: Evaluación, provisión, transporte táctico y distribución segura. | D11: LINEAS_ACCION | E11: Diapositiva_10.png
A12: 11 | B12: Seguridad y control territorial | C12: Centros de salud y corredores E487 y E35. | D12: LINEAS_ACCION | E12: Diapositiva_11.png
A13: 12 | B13: Operaciones de las instituciones | C13: EVIN/EDAN, rehabilitación y escombros, monitoreo y salud. | D13: OPERACIONES_INST | E13: Diapositiva_12.png
A14: 13 | B14: Conclusiones y recomendaciones | C14: Capacidad civil sobrepasada; recomendaciones al COE Nacional y a las unidades. | D14: CONCLUSIONES | E14: Diapositiva_13.png

Sheet SITUACION_GENERAL
A1: tipo | B1: concepto | C1: valor | D1: unidad | E1: detalle
A2: indicador | B2: Duración de precipitaciones | C2: 96 | D2: horas | E2: Precipitaciones continuas y saturación crítica de suelos.
A3: indicador | B3: Personas aisladas | C3: 707 | D3: personas | E3: Zonas rurales: Pungalá, Punín, Licán.
A4: indicador | B4: Corredores cortados | C4: E487 y E35 | E4: Ruptura total de conectividad vial en el centro del país.
A5: indicador | B5: Nivel de alerta | C5: ALERTA ROJA | E5: Capacidad civil sobrepasada.
A6: fase | B6: Fase 1 | C6: Evaluación EVIN/EDAN
A7: fase | B7: Fase 2 | C7: Búsqueda y rescate
A8: fase | B8: Fase 3 | C8: Evacuación segura
A9: fase | B9: Fase 4 | C9: Asistencia logística
A10: fase | B10: Fase 5 | C10: Habilitación vial

Sheet JURISDICCION
A1: provincia | B1: canton | C1: px_x | D1: px_y | E1: afectado | F1: observacion
A2: Bolívar | B2: Las Naves | C2: 478 | D2: 320 | E2: NO
A3: Bolívar | B3: Echeandía | C3: 482 | D3: 439 | E3: NO
A4: Bolívar | B4: Guaranda | C4: 652 | D4: 405 | E4: NO
A5: Bolívar | B5: Caluma | C5: 520 | D5: 532 | E5: NO
A6: Bolívar | B6: Chimbo | C6: 552 | D6: 610 | E6: NO
A7: Bolívar | B7: San Miguel | C7: 558 | D7: 712 | E7: NO
A8: Bolívar | B8: Chillanes | C8: 545 | D8: 852 | E8: NO
A9: Chimborazo | B9: Guano | C9: 937 | D9: 414 | E9: NO
A10: Chimborazo | B10: Penipe | C10: 1066 | D10: 423 | E10: NO
A11: Chimborazo | B11: Riobamba | C11: 974 | D11: 490 | E11: SI
A12: Chimborazo | B12: Chambo | C12: 1058 | D12: 551 | E12: NO
A13: Chimborazo | B13: Colta | C13: 828 | D13: 568 | E13: NO
... A18: Chimborazo | B18: Alausí | C18: 946 | D18: 866 | E18: SI
A19: Tungurahua | B19: Ambato | C19: 1170 | D19: 339 | E19: NO | F19: Aparece con trama en el mapa (posible exclusión de la jurisdicción)
A20: Tungurahua | B20: Píllaro | C20: 1357 | D20: 271 | E20: NO
A21: Tungurahua | B21: Patate | C21: 1407 | D21: 400 | E21: NO
A22: Tungurahua | B22: Pelileo | C22: 1272 | D22: 432 | E22: NO
A23: Tungurahua | B23: Tisaleo | C23: 1174 | D23: 492 | E23: NO
A24: Tungurahua | B24: Cevallos | C24: 1278 | D24: 510 | E24: NO
A25: Tungurahua | B25: Mocha | C25: 1193 | D25: 576 | E25: NO
A26: Tungurahua | B26: Quero | C26: 1297 | D26: 599 | E26: NO
A27: Tungurahua | B27: Baños | C27: 1495 | D27: 510 | E27: NO
A28: Cantones por provincia
A29: Bolívar | B29: =COUNTIF($A$2:$A$27,A29) -> 7
A30: Chimborazo | B30: =COUNTIF($A$2:$A$27,A30) -> 10
A31: Tungurahua | B31: =COUNTIF($A$2:$A$27,A31) -> 9
A32: Total cantones | B32: =SUM(B29:B31) -> 26

Sheet CANTONES_AFECTADOS
A1: canton | B1: grupo_lamina | C1: tipo_evento | D1: descripcion | E1: nivel_alerta | F1: color_hex | G1: unidad_responsable | H1: lat | I1: lon | J1: px_x | K1: px_y | L1: px_x_alerta | M1: px_y_alerta | N1: icono
A2: Riobamba | B2: Riobamba | C2: Inundaciones | D2: Inundaciones severas en parroquias rurales (Pungalá, Punín, Licán). Aislamiento poblacional y afectación agrícola crítica en Licto. | E2: Sin nivel indicado (recuadro azul) | F2: #1E5BD8 | G2: GCB-32 | H2: -1.6636 | I2: -78.6546 | J2: 696 | K2: 497 | L2: 692 | M2: 437 | N2: flood
A3: Alausí | B3: Alausí & Chunchi | C3: Movimientos en masa | D3: Movimientos en masa, grietas activas y flujos de lodo. Aislamiento inminente en Siltur y pérdida de caminos vecinales en La Armenia-Huataxí. | E3: Alerta naranja | F3: #F2994A | G3: GCB-32 | H3: -2.2027 | I3: -78.8469 | J3: 604 | K3: 768 | L3: 538 | M3: 708 | N3: landslide
A4: Chunchi | B4: Alausí & Chunchi | C4: Movimientos en masa | D4: Movimientos en masa, grietas activas y flujos de lodo. Aislamiento inminente en Siltur y pérdida de caminos vecinales en La Armenia-Huataxí. | E4: Alerta naranja | F4: #F2994A | G4: GCB-32 | H4: -2.2853 | I4: -78.9205 | J4: 494 | K4: 881 | L4: 486 | M4: 812 | N4: landslide
A5: Pallatanga | B5: Pallatanga & Cumandá | C5: Bloqueos viales | D5: Bloqueos totales por deslizamientos masivos y socavamientos. Pérdida de mesa vial; vehículos pesados y buses retenidos. | E5: Alerta roja | F5: #E53935 | G5: ERS-11 | H5: -1.9997 | I5: -78.9585 | J5: 402 | K5: 615 | L5: 407 | M5: 665 | N5: roadblock
A6: Cumandá | B6: Pallatanga & Cumandá | C6: Bloqueos viales | D6: Bloqueos totales por deslizamientos masivos y socavamientos. Pérdida de mesa vial; vehículos pesados y buses retenidos. | E6: Alerta roja | F6: #E53935 | G6: ERS-11 | H6: -2.2091 | I6: -79.1366 | J6: 270 | K6: 742 | L6: 266 | M6: 797 | N6: roadblock
A8: Guamote también está en el eje de responsabilidad del GCB-32 pero no tiene alerta en la lámina 2.

Sheet ZONAS_IMPACTO
A1: zona_id | B1: sector | C1: canton | D1: eje_vial | E1: tipologia | F1: estado_actual | G1: prioridad | H1: accion_tactica | I1: color_hex | J1: lat | K1: lon
A2: Z1 | B2: Cruz del Hueso | C2: Cumandá | E2: Deslizamiento de talud | F2: Bloqueo total | G2: ALTA | H2: Paso provisional | I2: #E53935 | J2: -2.18 | K2: -79.05
A3: Z2 | B3: Panza Redonda | C3: Pallatanga | E3: Pérdida de mesa vial | F3: Aislamiento | G3: ALTA | H3: Búsqueda y rescate | I3: #E53935 | J3: -2.02 | K3: -78.93
A4: Z3 | B4: Puninhuayco | C4: Riobamba | E4: Aluvión | F4: Vía interrumpida | G4: ALTA | H4: Recuperación rural | I4: #E53935 | J4: -1.76 | K4: -78.64
A5: Z4 | B5: Casual – La Esperanza | D5: E35 | E5: Hundimiento / grietas | F5: Restricción total | G5: MEDIA | H5: Estudio geotécnico | I5: #F2C94C | J5: -2.05 | K5: -78.75
A6: Z5 | B6: Chitaquiz | D6: E35 | E6: Flujo de lodo | F6: Tránsito restringido | G6: MEDIA | H6: Limpieza de calzada | I6: #F2C94C | J6: -2.1 | K6: -78.78

Sheet POBLACION_AISLADA
A1: parroquia | B1: canton | C1: familias | D1: personas | E1: lat | F1: lon
A2: Pungalá | B2: Riobamba | C2: 150 | D2: 380 | E2: -1.8167 | F2: -78.5667
A3: Punín | B3: Riobamba | C3: 87 | D3: 213 | E3: -1.7531 | F3: -78.6553
A4: Licán | B4: Riobamba | C4: 36 | D4: 114 | E4: -1.6617 | F4: -78.6967
A5: TOTAL | C5: =SUM(C2:C4) -> 273 | D5: =SUM(D2:D4) -> 707
A7: Total de la lámina 8: 273 familias que requieren refugio o asistencia in situ. Personas: 707 (lámina 3).
A8: Gestión y seguridad militar (línea COE nivel 2/3): despliegue táctico para la seguridad perimetral de los AT y acompañamiento de MIES y MSP para censo y atención prehospitalaria in situ.

Sheet PERSONAL_MILITAR
A1: unidad | B1: tipo | C1: efectivos | D1: mision | E1: cantones
A2: Puesto de Mando 11BCB «Galápagos» | B2: Mando | C2: 15 | D2: Mando y control
A3: Oficiales de enlace | B3: Mando | C3: 8 | D3: Enlace con COE e instituciones
A4: GCB-32 | B4: Unidad | C4: 140 | D4: Eje de responsabilidad | E4: Riobamba, Guamote, Alausí, Chunchi
A5: ERS-11 | B5: Unidad | C5: 80 | D5: Eje de responsabilidad | E5: Pallatanga, Cumandá
A6: Fuerza de Reacción | B6: Reserva | C6: 80 | D6: Disponible para contingencias inmediatas
A7: TOTAL EMPLEADO | C7: =SUM(C2:C6) -> 323
A9: La lámina 5 reporta un total de 323 efectivos militares.

Sheet MEDIOS
A1: grupo | B1: institucion | C1: medio | D1: cantidad | E1: categoria | F1: detalle
A2: 11 BCB | B2: 11 BCB | C2: Camiones tácticos HOWO 4x4 / 6x6 | D2: 4 | E2: Vehículo militar | F2: Movilidad extrema
A3: 11 BCB | B3: 11 BCB | C3: Camiones 3.5 t | D3: 2 | E3: Vehículo militar | F3: Transporte logístico
A4: Civil / interinstitucional | B4: MIT | C4: Máquinas pesadas | D4: 7 | E4: Maquinaria pesada | F4: Retroexcavadoras, volquetas
A5: Civil / interinstitucional | B5: GADs | C5: Vehículos operativos | D5: 25 | E5: Maquinaria pesada | F5: Operativos en la red vial
A6: Civil / interinstitucional | B6: GAD Riobamba | C6: Vacuum (hidrosuccionador) | D6: 1 | E6: Equipo especial | F6: Para hospitales
A7: Civil / interinstitucional | B7: Salud / Bomberos | C7: Vehículos de rescate | D7: 4 | E7: Rescate y salud
A8: Civil / interinstitucional | B8: Salud / Bomberos | C8: Ambulancias | D8: 2 | E8: Rescate y salud
A10: Subtotales
C11: Medios 11 BCB | D11: =SUMIFS(D2:D8,A2:A8,"11 BCB") -> 6
C12: Maquinaria pesada MIT + GADs | D12: =SUMIFS(D2:D8,E2:E8,"Maquinaria pesada") -> 32
C13: Medios civiles / interinstitucionales | D13: =SUMIFS(D2:D8,A2:A8,"Civil / interinstitucional") -> 39
C14: TOTAL MEDIOS | D14: =SUM(D2:D8) -> 45
A16: Lámina 12: «MIT y GADs operando 32 equipos pesados» = 7 + 25. Lámina 9: 04 vehículos militares desplegados en trochas y rutas alternas.

Sheet INSTITUCIONES
A1: institucion | B1: nivel | C1: rol | D1: personal | E1: unidad_personal
A2: Puesto de Mando 11BCB | B2: Mando | C2: Centro de coordinación (8 oficiales de enlace) | D2: 8
A3: COE Provincial Chimborazo | B3: Coordinación | C3: Coordinación provincial
A4: 6 COEs cantonales | B4: Coordinación | C4: Coordinación cantonal
A5: ECU 911 | B5: Coordinación | C5: Canaliza llamadas masivas
A6: PMU | B6: Coordinación | C6: Puesto de mando unificado
A7: Policía Nacional | B7: Apoyo | C7: Control vial; cierres intercantonales en corredores E487 y E35 | D7: 60 | E7: efectivos
A8: Bomberos | B8: Apoyo | C8: Búsqueda y rescate (liderazgo operativo) | D8: 30 | E8: efectivos
A9: SNGR | B9: Apoyo | C9: Fichas EVIN / EDAN en 8 zonas críticas | D9: 10 | E9: técnicos
A10: MIT / GADs | B10: Apoyo | C10: Maquinaria pesada (32 equipos)
A11: MDH / MIES | B11: Apoyo | C11: Kits de ayuda; censo en AT
A12: MAGAP | B12: Apoyo | C12: Insumos agropecuarios para Licto y parroquias rurales
A13: MSP / Cruz Roja | B13: Apoyo | C13: Atención médica; red de salud | D13: 20 | E13: profesionales
A14: Personal institucional indicado | D14: =SUMIFS(D2:D13,B2:B13,"Apoyo") -> 120
A16: Personal civil e institucional que la presentación cuantifica (sin contar los 323 efectivos militares).

Sheet LINEAS_ACCION
A1: linea | B1: componente | C1: descripcion | D1: diapositiva
A2: Búsqueda, salvamento y evacuación | B2: Operaciones de rescate | C2: Liderazgo operativo del Cuerpo de Bomberos (30 efectivos) apoyado por Fuerza Terrestre. Prioridad 1: Panza Redonda y La Armenia-Huataxí. | D2: 9
A3: Búsqueda, salvamento y evacuación | B3: Evacuación segura | C3: Empleo de Equipos de Combate (ECO) para transporte seguro de aislados, con prioridad a grupos vulnerables hacia alojamientos temporales. | D3: 9
A4: Búsqueda, salvamento y evacuación | B4: Medios | C4: 04 vehículos militares desplegados en trochas y rutas alternas coordinadas. | D4: 9
A5: Asistencia humanitaria y logística | B5: 1. Evaluación | C5: Levantamiento de fichas EVIN/EDAN por 10 técnicos SNGR en 8 zonas críticas. | D5: 10
A6: Asistencia humanitaria y logística | B6: 2. Provisión | C6: Armado de kits (MIES) e insumos agropecuarios (MAGAP) para Licto y parroquias rurales. | D6: 10
A7: Asistencia humanitaria y logística | B7: 3. Transporte táctico (11BCB) | C7: Despliegue de camiones militares (3.5 t) para atravesar zonas anegadas e intransitables para vehículos civiles. | D7: 10
A8: Asistencia humanitaria y logística | B8: 4. Distribución segura | C8: 40 efectivos militares brindan seguridad de área durante la entrega a 273 familias para evitar desorden. | D8: 10
A9: Seguridad y control territorial | B9: Centros de salud | C9: Seguridad perimetral y despeje urgente de accesos anegados en Centros Tipo C ESPOCH–Lizarzaburu y San Antonio. Garantizar corredores para ambulancias. | D9: 11
A10: Seguridad y control territorial | B10: Corredores E487 y E35 | C10: Policía Nacional (60 efectivos) establece cierres intercantonales. Vehículos pesados retenidos; prohibición total de paso en sectores inestables. | D10: 11

Sheet OPERACIONES_INST
A1: operacion | B1: institucion | C1: descripcion | D1: alerta
A2: Evaluación inicial (EVIN/EDAN) | B2: SNGR | C2: Despliega 10 técnicos territoriales evaluando 8 zonas cero simultáneas (Cruz del Hueso, Pungalá, etc.).
A3: Rehabilitación y escombros | B3: MIT y GADs | C3: Operan 32 equipos pesados en los corredores E487 y E35. | D3: ALERTA: capacidad civil de despeje geotécnico sobrepasada.
A4: Monitoreo estratégico y salud | B4: ECU 911 | C4: Canaliza llamadas masivas.
A5: Monitoreo estratégico y salud | B5: MSP y Cruz Roja | C5: 20 profesionales aseguran la red de salud pese a los accesos anegados.

Sheet CONCLUSIONES
A1: tipo | B1: dirigido_a | C1: texto
A2: Conclusión | C2: La simultaneidad de eventos (movimientos en masa y pérdida de vías) ha sobrepasado las capacidades de respuesta civil y maquinaria pesada del COE Provincial.
A3: Recomendación 1 | B3: COE Nacional | C3: Formalizar de inmediato la asignación complementaria de equipo pesado del MIT para habilitar de forma segura Cruz del Hueso, Chaguarpata y Siltur.
A4: Recomendación 2 | B4: Unidades GCB 32 / ERS 11 | C4: Ejecutar apertura urgente de trochas y caminos vecinales junto a SNGR en Panza Redonda y La Armenia-Huataxí.
A5: Prioridad | B5: Unidades GCB 32 / ERS 11 | C5: Garantizar abastecimiento logístico y evacuación médica de poblados totalmente aislados.

Sheet SITIOS_REFERENCIA
A1: sitio | B1: tipo | C1: canton | D1: relevancia | E1: lat | F1: lon
A2: Licto | B2: Parroquia | C2: Riobamba | D2: Afectación agrícola crítica | E2: -1.8 | F2: -78.61
A3: Siltur | B3: Sector | C3: Alausí | D3: Aislamiento inminente | E3: -2.3 | F3: -78.8
A4: La Armenia – Huataxí | B4: Sector | C4: Chunchi | D4: Pérdida de caminos vecinales; prioridad 1 de rescate | E4: -2.3 | F4: -78.95
A5: Chaguarpata | B5: Sector | D5: Habilitación con equipo pesado del MIT (recomendación) | E5: -2.22 | F5: -78.9
A6: Centro de Salud Tipo C ESPOCH – Lizarzaburu | B6: Centro de salud | C6: Riobamba | D6: Seguridad perimetral y despeje de accesos | E6: -1.656 | F6: -78.677
A7: Centro de Salud Tipo C San Antonio | B7: Centro de salud | C7: Riobamba | D7: Seguridad perimetral y despeje de accesos | E7: -1.68 | F7: -78.64
A8: Corredor E487 | B8: Eje vial | D8: Ruptura de conectividad; cierres intercantonales
A9: Corredor E35 | B9: Eje vial | D9: Ruptura de conectividad; cierres intercantonales
A11: Los corredores E487 y E35 se dibujan mejor con su trazado real de OpenStreetMap.

Sheet PANELES_LAMINA2
A1: panel_id | B1: titulo | C1: x | D1: y | E1: ancho | F1: alto | G1: cantones_relacionados
A2: panel_riobamba | B2: Riobamba | C2: 1160 | D2: 115 | E2: 775 | F2: 260 | G2: Riobamba
A3: panel_alausi_chunchi | B3: Alausí & Chunchi | C3: 1160 | D3: 430 | E3: 775 | F3: 255 | G3: Alausí,Chunchi
A4: panel_pallatanga_cumanda | B4: Pallatanga & Cumandá | C4: 1160 | D4: 730 | E4: 775 | F4: 230 | G4: Pallatanga,Cumandá
A5: leyenda_alertas | B5: Alerta naranja / Alerta roja | C5: 895 | D5: 838 | E5: 147 | F5: 228

Sheet RESUMEN
A1: RESUMEN DE LA SITUACIÓN N.º 3
A2: indicador | B2: valor_calculado | C2: valor_en_laminas | D2: verificacion
A3: Efectivos militares empleados | B3: =SUM(PERSONAL_MILITAR!C2:C6) -> 323 | C3: 323 | D3: =IF(B3=C3,"OK","REVISAR") -> OK
A4: Familias aisladas / en AT | B4: =SUM(POBLACION_AISLADA!C2:C4) -> 273 | C4: 273 | D4: =IF(B4=C4,"OK","REVISAR") -> OK
A5: Personas aisladas | B5: =SUM(POBLACION_AISLADA!D2:D4) -> 707 | C5: 707 | D5: =IF(B5=C5,"OK","REVISAR") -> OK
A6: Equipos pesados MIT + GADs | B6: =SUMIFS(MEDIOS!D:D,MEDIOS!E:E,"Maquinaria pesada") -> 32 | C6: 32 | D6: =IF(B6=C6,"OK","REVISAR") -> OK
A7: Medios de la 11 BCB | B7: =SUMIFS(MEDIOS!D:D,MEDIOS!A:A,"11 BCB") -> 6 | C7: 6 | D7: =IF(B7=C7,"OK","REVISAR") -> OK
A8: Cantones con alerta | B8: =COUNTA(CANTONES_AFECTADOS!A2:A6) -> 5 | C8: 5 | D8: =IF(B8=C8,"OK","REVISAR") -> OK
A9: Zonas de impacto con prioridad ALTA | B9: =COUNTIF(ZONAS_IMPACTO!G:G,"ALTA") -> 3 | C9: 3 | D9: =IF(B9=C9,"OK","REVISAR") -> OK
A10: Zonas de impacto con prioridad MEDIA | B10: =COUNTIF(ZONAS_IMPACTO!G:G,"MEDIA") -> 2 | C10: 2 | D10: =IF(B10=C10,"OK","REVISAR") -> OK

Sheet GRAFICAS
A1: TABLAS Y GRÁFICAS PARA EL MAPA INTERACTIVO
A3: Unidad | B3: Efectivos
A4: =PERSONAL_MILITAR!A2 -> Puesto de Mando 11BCB «Galápagos» | B4: =PERSONAL_MILITAR!C2 -> 15
A5: =PERSONAL_MILITAR!A3 -> Oficiales de enlace | B5: =PERSONAL_MILITAR!C3 -> 8
A6: =PERSONAL_MILITAR!A4 -> GCB-32 | B6: =PERSONAL_MILITAR!C4 -> 140
A7: =PERSONAL_MILITAR!A5 -> ERS-11 | B7: =PERSONAL_MILITAR!C5 -> 80
A8: =PERSONAL_MILITAR!A6 -> Fuerza de Reacción | B8: =PERSONAL_MILITAR!C6 -> 80
A22: Parroquia | B22: Familias | C22: Personas
A23: =POBLACION_AISLADA!A2 -> Pungalá | B23: =POBLACION_AISLADA!C2 -> 150 | C23: =POBLACION_AISLADA!D2 -> 380
A24: =POBLACION_AISLADA!A3 -> Punín | B24: =POBLACION_AISLADA!C3 -> 87 | C24: =POBLACION_AISLADA!D3 -> 213
A25: =POBLACION_AISLADA!A4 -> Licán | B25: =POBLACION_AISLADA!C4 -> 36 | C25: =POBLACION_AISLADA!D4 -> 114
A41: Prioridad | B41: Zonas
A42: ALTA | B42: =COUNTIF(ZONAS_IMPACTO!G:G,"ALTA") -> 3
A43: MEDIA | B43: =COUNTIF(ZONAS_IMPACTO!G:G,"MEDIA") -> 2
A60: Medio | B60: Cantidad
A61: =MEDIOS!B2&" – "&MEDIOS!C2 -> 11 BCB – Camiones tácticos HOWO 4x4 / 6x6 | B61: =MEDIOS!D2 -> 4
A62: =MEDIOS!B3&" – "&MEDIOS!C3 -> 11 BCB – Camiones 3.5 t | B62: =MEDIOS!D3 -> 2
A63: =MEDIOS!B4&" – "&MEDIOS!C4 -> MIT – Máquinas pesadas | B63: =MEDIOS!D4 -> 7
A64: =MEDIOS!B5&" – "&MEDIOS!C5 -> GADs – Vehículos operativos | B64: =MEDIOS!D5 -> 25
A65: =MEDIOS!B6&" – "&MEDIOS!C6 -> GAD Riobamba – Vacuum (hidrosuccionador) | B65: =MEDIOS!D6 -> 1
A66: =MEDIOS!B7&" – "&MEDIOS!C7 -> Salud / Bomberos – Vehículos de rescate | B66: =MEDIOS!D7 -> 4
A67: =MEDIOS!B8&" – "&MEDIOS!C8 -> Salud / Bomberos – Ambulancias | B67: =MEDIOS!D8 -> 2
A79: Institución | B79: Personal
A80: Policía Nacional | B80: =INSTITUCIONES!D7 -> 60
A81: Bomberos | B81: =INSTITUCIONES!D8 -> 30
A82: SNGR | B82: =INSTITUCIONES!D9 -> 10
A83: MSP / Cruz Roja | B83: =INSTITUCIONES!D13 -> 20

Sheet OBSERVACIONES
A1: n | B1: tema | C1: observacion
A2: 1 | B2: Alertas | C2: El nivel de alerta de cada cantón se interpretó por el color de su recuadro en la lámina 2: Pallatanga y Cumandá en rojo, Alausí y Chunchi en naranja. Riobamba aparece en azul, sin nivel indicado.
A3: 2 | B3: Coordenadas | C3: La presentación no trae coordenadas. Las de cantones y parroquias son de sus cabeceras; las de sectores rurales (Cruz del Hueso, Panza Redonda, Puninhuayco, Siltur, La Armenia-Huataxí, Chaguarpata, Casual-La Esperanza, Chitaquiz) son estimaciones y deben verificarse.
A4: 3 | B4: Jurisdicción | C4: Ambato aparece con trama en la lámina 1; se interpreta como posible exclusión de la jurisdicción.
A5: 4 | B5: Vehículos | C5: La lámina 9 dice «04 vehículos militares» y dibuja 3 camiones y 3 ambulancias.
A6: 5 | B6: Medios | C6: En la lámina 6 el texto del recuadro del MIT está parcialmente cubierto; se leyó «MIT / 7 máquinas pesadas (retroexcavadoras, volquetas)».
A7: 6 | B7: Totales | C7: Todos los totales de la presentación coinciden con las sumas: 323 efectivos, 273 familias, 707 personas y 32 equipos pesados.
