Workbook

Sheet LEEME
A1: AMT – DESPLIEGUE OPERATIVO: CONTROL, SEGURIDAD Y MOVILIDAD · Base de datos para mapa interactivo
A3: Hoja | B3: Contenido / uso en el mapa
A4: EVENTO | B4: Datos generales, lema, misión y mensaje institucional.
A5: PUNTOS_OPERATIVOS | B5: 1 fila = 1 marcador con recursos: 3 puntos de control, 3 filtros de desvío y el cierre especial de Cusubamba. Clave: punto_id.
A6: RECURSOS_DETALLE | B6: Agentes, patrulleros y motos por punto (relación N:1 con PUNTOS_OPERATIVOS por punto_id). Los totales se calculan con fórmulas.
A7: ACCIONES | B7: Tareas de cada punto, para el popup o el panel de detalle.
A8: INCIDENTES | B8: Deslizamiento en el sector Tulipe / Gualea.
A9: LUGARES_REFERENCIA | B9: Rótulos del mapa (Pacto, Mashpi, Nanegalito, Quito, Alóag – Santo Domingo).
A10: RUTAS | B10: Vértices de la vía E28 y de la ruta de desvíos hacia el sur. Agrupar por ruta_id y ordenar por orden → polilínea.
A11: PANELES_LAMINA | B11: Recuadros de la lámina (x, y, ancho, alto en píxeles) para hacerlos clicables sobre la imagen.
A12: RESUMEN | B12: Totales calculados con fórmulas y verificación contra las cifras de la lámina.
A13: SIMBOLOGIA | B13: Capas, colores HEX y estilos para replicar la leyenda.
A14: OBSERVACIONES | B14: Inconsistencias y textos ilegibles detectados en la lámina.
... A17: Dos modos de mapa | B17: 1) Sobre la lámina: usa px_x / px_y (igual que la pestaña PN de ENOS 2026). 2) Mapa real (Leaflet): usa lat / lon, que son APROXIMADAS y deben verificarse.

Sheet EVENTO
A1: campo | B1: valor
A2: institucion | B2: AMT – Agencia Metropolitana de Tránsito
A3: titulo | B3: Despliegue operativo: control, seguridad y movilidad
A4: subtitulo | B4: Dentro de nuestra jurisdicción
A5: eje_vial | B5: Vía E28 (Nanegalito – Pacto – Mashpi) y desvíos hacia el sur por la vía Alóag – Santo Domingo
A6: lema | B6: Por una movilidad segura y solidaria
A7: mision | B7: Garantizar la seguridad vial, facilitar la circulación y apoyar a la ciudadanía en situaciones de emergencia, dentro de nuestra jurisdicción.
A8: mensaje_pie | B8: Trabajamos por una ciudad más segura y ordenada
A9: total_recursos | B9: 37
A10: lamina_ancho_px | B10: 1264
A11: lamina_alto_px | B11: 841
A12: centro_mapa_lat | B12: 0.02
A13: centro_mapa_lon | B13: -78.62
A14: zoom_inicial | B14: 10

Sheet PUNTOS_OPERATIVOS
A1: punto_id | B1: numero | C1: nombre | D1: ubicacion | E1: tipo | F1: grupo | G1: lat | H1: lon | I1: px_x | J1: px_y | K1: agentes | L1: patrulleros | M1: motos | N1: total_recursos | O1: funcion_agentes | P1: funcion_motos | Q1: color_hex | R1: icono | S1: popup_texto
A2: PC1 | B2: 1 | C2: Punto de control 1 | D2: Nanegalito – Vía E28 | E2: Punto de control | F2: Control | G2: 0.0675 | H2: -78.679 | I2: 550 | J2: 262 | K2: =SUMIFS(RECURSOS_DETALLE!$C:$C,RECURSOS_DETALLE!$A:$A,$A2,RECURSOS_DETALLE!$B:$B,"Agente") -> 6 | L2: =SUMIFS(RECURSOS_DETALLE!$C:$C,RECURSOS_DETALLE!$A:$A,$A2,RECURSOS_DETALLE!$B:$B,"Patrullero") -> 2 | M2: =SUMIFS(RECURSOS_DETALLE!$C:$C,RECURSOS_DETALLE!$A:$A,$A2,RECURSOS_DETALLE!$B:$B,"Moto") -> 0 | N2: =SUM(K2:M2) -> 8 | O2: Cierre de vía | Q2: #1565C0 | R2: shield | S2: 6 agentes (cierre de vía) · 2 patrulleros
A3: PC2 | B3: 2 | C3: Punto de control 2 | D3: Desvío Km 78 – Entrada a Tulipe / Gualea | E3: Punto de control | F3: Control | G3: 0.085 | H3: -78.715 | I3: 500 | J3: 365 | K3: =SUMIFS(RECURSOS_DETALLE!$C:$C,RECURSOS_DETALLE!$A:$A,$A3,RECURSOS_DETALLE!$B:$B,"Agente") -> 4 | L3: =SUMIFS(RECURSOS_DETALLE!$C:$C,RECURSOS_DETALLE!$A:$A,$A3,RECURSOS_DETALLE!$B:$B,"Patrullero") -> 0 | M3: =SUMIFS(RECURSOS_DETALLE!$C:$C,RECURSOS_DETALLE!$A:$A,$A3,RECURSOS_DETALLE!$B:$B,"Moto") -> 4 | N3: =SUM(K3:M3) -> 8 | O3: Cierre y control | P3: Avanzadas y apoyo | Q3: #D32F2F | R3: shield | S3: 4 agentes (cierre y control) · 4 motos (avanzadas y apoyo) · Deslizamiento en Tulipe / Gualea
A4: PC3 | B4: 3 | C4: Punto de control 3 | D4: Eje central Pacto – Mashpi | E4: Punto de control | F4: Control | G4: 0.161 | H4: -78.786 | I4: 611 | J4: 152 | K4: =SUMIFS(RECURSOS_DETALLE!$C:$C,RECURSOS_DETALLE!$A:$A,$A4,RECURSOS_DETALLE!$B:$B,"Agente") -> 6 | L4: =SUMIFS(RECURSOS_DETALLE!$C:$C,RECURSOS_DETALLE!$A:$A,$A4,RECURSOS_DETALLE!$B:$B,"Patrullero") -> 2 | M4: =SUMIFS(RECURSOS_DETALLE!$C:$C,RECURSOS_DETALLE!$A:$A,$A4,RECURSOS_DETALLE!$B:$B,"Moto") -> 4 | N4: =SUM(K4:M4) -> 12 | O4: Control | P4: Avanzadas y apoyo | Q4: #2E7D32 | R4: shield | S4: 6 agentes · 2 patrulleros (área urbana y rural) · 4 motos (avanzadas y apoyo)
A5: F1 | B5: 1 | C5: 1.er filtro | D5: Redondel del Condado | E5: Filtro de desvío | F5: Desvíos hacia el sur | G5: -0.101 | H5: -78.499 | I5: 573 | J5: 541 | K5: =SUMIFS(RECURSOS_DETALLE!$C:$C,RECURSOS_DETALLE!$A:$A,$A5,RECURSOS_DETALLE!$B:$B,"Agente") -> 2 | L5: =SUMIFS(RECURSOS_DETALLE!$C:$C,RECURSOS_DETALLE!$A:$A,$A5,RECURSOS_DETALLE!$B:$B,"Patrullero") -> 0 | M5: =SUMIFS(RECURSOS_DETALLE!$C:$C,RECURSOS_DETALLE!$A:$A,$A5,RECURSOS_DETALLE!$B:$B,"Moto") -> 1 | N5: =SUM(K5:M5) -> 3 | O5: Control de flujo | P5: Motorizado | Q5: #1B5E20 | R5: arrow | S5: 2 agentes · 1 motorizado · Desvío hacia la vía Alóag – Santo Domingo
A6: F2 | B6: 2 | C6: 2.º filtro | D6: Intercambiador del Portal Shopping | E6: Filtro de desvío | F6: Desvíos hacia el sur | G6: -0.088 | H6: -78.479 | I6: 568 | J6: 488 | K6: =SUMIFS(RECURSOS_DETALLE!$C:$C,RECURSOS_DETALLE!$A:$A,$A6,RECURSOS_DETALLE!$B:$B,"Agente") -> 2 | L6: =SUMIFS(RECURSOS_DETALLE!$C:$C,RECURSOS_DETALLE!$A:$A,$A6,RECURSOS_DETALLE!$B:$B,"Patrullero") -> 0 | M6: =SUMIFS(RECURSOS_DETALLE!$C:$C,RECURSOS_DETALLE!$A:$A,$A6,RECURSOS_DETALLE!$B:$B,"Moto") -> 1 | N6: =SUM(K6:M6) -> 3 | O6: Control de flujo | P6: Motorizado | Q6: #1B5E20 | R6: arrow | S6: 2 agentes · 1 motorizado · Desvío hacia la vía Alóag – Santo Domingo
A7: F3 | B7: 3 | C7: 3.er filtro | D7: Redondel de San Antonio de Pichincha | E7: Filtro de desvío | F7: Desvíos hacia el sur | G7: -0.009 | H7: -78.445 | I7: 540 | J7: 434 | K7: =SUMIFS(RECURSOS_DETALLE!$C:$C,RECURSOS_DETALLE!$A:$A,$A7,RECURSOS_DETALLE!$B:$B,"Agente") -> 2 | L7: =SUMIFS(RECURSOS_DETALLE!$C:$C,RECURSOS_DETALLE!$A:$A,$A7,RECURSOS_DETALLE!$B:$B,"Patrullero") -> 0 | M7: =SUMIFS(RECURSOS_DETALLE!$C:$C,RECURSOS_DETALLE!$A:$A,$A7,RECURSOS_DETALLE!$B:$B,"Moto") -> 1 | N7: =SUM(K7:M7) -> 3 | O7: Control de flujo | P7: Motorizado | Q7: #1B5E20 | R7: arrow | S7: 2 agentes · 1 motorizado · Desvío hacia la vía Alóag – Santo Domingo
A8: CE1 | C8: Cierre especial | D8: Vía Cusubamba (Y de Cusubamba) | E8: Desvío de vehículos pesados | F8: Cierre especial | G8: -0.005 | H8: -78.52 | I8: 755 | J8: 445 | K8: =SUMIFS(RECURSOS_DETALLE!$C:$C,RECURSOS_DETALLE!$A:$A,$A8,RECURSOS_DETALLE!$B:$B,"Agente") -> 0 | L8: =SUMIFS(RECURSOS_DETALLE!$C:$C,RECURSOS_DETALLE!$A:$A,$A8,RECURSOS_DETALLE!$B:$B,"Patrullero") -> 0 | M8: =SUMIFS(RECURSOS_DETALLE!$C:$C,RECURSOS_DETALLE!$A:$A,$A8,RECURSOS_DETALLE!$B:$B,"Moto") -> 0 | N8: =SUM(K8:M8) -> 0 | Q8: #EF6C00 | R8: truck | S8: Desvío de vehículos pesados hacia la vía Alóag – Santo Domingo para evitar congestión en la Panamericana Norte · En coordinación con el Escuadrón de Carretera
A10: agentes, patrulleros, motos y total_recursos se calculan desde RECURSOS_DETALLE. El cierre especial no indica recursos en la lámina.

Sheet RECURSOS_DETALLE
A1: punto_id | B1: tipo_recurso | C1: cantidad | D1: rol
A2: PC1 | B2: Agente | C2: 6 | D2: Cierre de vía
A3: PC1 | B3: Patrullero | C3: 2
A4: PC2 | B4: Agente | C4: 4 | D4: Cierre y control
A5: PC2 | B5: Moto | C5: 4 | D5: Para avanzadas y apoyo
A6: PC3 | B6: Agente | C6: 6
A7: PC3 | B7: Patrullero | C7: 2 | D7: Área urbana y rural
A8: PC3 | B8: Moto | C8: 4 | D8: Para avanzadas y apoyo
A9: F1 | B9: Agente | C9: 2 | D9: Desvío hacia el sur
A10: F1 | B10: Moto | C10: 1 | D10: Motorizado
A11: F2 | B11: Agente | C11: 2 | D11: Desvío hacia el sur
A12: F2 | B12: Moto | C12: 1 | D12: Motorizado
A13: F3 | B13: Agente | C13: 2 | D13: Desvío hacia el sur
A14: F3 | B14: Moto | C14: 1 | D14: Motorizado
A16: tipo_recurso admite: Agente, Patrullero, Moto. Al agregar filas se actualizan los totales de las demás hojas.

Sheet ACCIONES
A1: punto_id | B1: orden | C1: accion
A2: PC1 | B2: 1 | C2: Desvían el transporte pesado hacia la vía Alóag – Santo Domingo.
A3: PC1 | B3: 2 | C3: Retienen el tráfico liviano en zona segura.
A4: PC2 | B4: 1 | C4: Controlan el perímetro del deslizamiento.
A5: PC2 | B5: 2 | C5: Guían a los vehículos de asistencia humanitaria y maquinaria pesada de la Prefectura.
A6: PC3 | B6: 1 | C6: Desplegados en el área urbana de Pacto y accesos rurales.
A7: PC3 | B7: 2 | C7: Coordinan el traslado seguro de víveres a los albergues de 25 de Septiembre y La Sexta.
A8: F1 | B8: 1 | C8: Controlan el flujo vehicular hacia la vía Alóag – Santo Domingo.
A9: F2 | B9: 1 | C9: Controlan el flujo vehicular hacia la vía Alóag – Santo Domingo.
A10: F3 | B10: 1 | C10: Controlan el flujo vehicular hacia la vía Alóag – Santo Domingo.
A11: CE1 | B11: 1 | C11: Desvían los vehículos pesados hacia la vía Alóag – Santo Domingo, para evitar que lleguen a la Panamericana Norte y generen congestión.
A12: CE1 | B12: 2 | C12: La alerta se gestiona en coordinación con el Escuadrón de Carretera.

Sheet INCIDENTES
A1: incidente_id | B1: tipo | C1: sector | D1: lat | E1: lon | F1: px_x | G1: px_y | H1: punto_relacionado | I1: estado | J1: color_hex | K1: icono
A2: I01 | B2: Deslizamiento | C2: Sector Tulipe / Gualea | D2: 0.095 | E2: -78.73 | F2: 742 | G2: 364 | H2: PC2 | I2: Activo | J2: #D32F2F | K2: warning

Sheet LUGARES_REFERENCIA
A1: lugar | B1: tipo | C1: lat | D1: lon | E1: px_x | F1: px_y
A2: Pacto | B2: Parroquia | C2: 0.161 | D2: -78.786 | E2: 624 | F2: 131
A3: Mashpi | B3: Localidad | C3: 0.164 | D3: -78.874 | E3: 580 | F3: 230
A4: Nanegalito | B4: Parroquia | C4: 0.0675 | D4: -78.679 | E4: 520 | F4: 262
A5: Tulipe / Gualea | B5: Sector | C5: 0.087 | D5: -78.733 | E5: 525 | F5: 370
A6: Quito | B6: Ciudad | C6: -0.22 | D6: -78.5125 | E6: 402 | F6: 587
A7: Alóag – Santo Domingo | B7: Vía de desvío (sur) | C7: -0.465 | D7: -78.58 | E7: 590 | F7: 592
A8: Albergue 25 de Septiembre | B8: Albergue
A9: Albergue La Sexta | B9: Albergue
A11: Los albergues se mencionan en el texto pero no tienen ubicación en la lámina: completar si se conocen.

Sheet RUTAS
A1: ruta_id | B1: nombre_ruta | C1: orden | D1: px_x | E1: px_y | F1: referencia | G1: color_hex | H1: estilo
A2: E28 | B2: Vía E28 (ruta principal) | C2: 1 | D2: 550 | E2: 262 | F2: Nanegalito (PC1) | G2: #F57C00 | H2: continua
A3: E28 | B3: Vía E28 (ruta principal) | C3: 2 | D3: 547 | E3: 313 | F3: Rótulo E28 | G3: #F57C00 | H3: continua
A4: E28 | B4: Vía E28 (ruta principal) | C4: 3 | D4: 500 | E4: 365 | F4: Km 78 Tulipe / Gualea (PC2) | G4: #F57C00 | H4: continua
A5: E28 | B5: Vía E28 (ruta principal) | C5: 4 | D5: 580 | E5: 230 | F5: Mashpi | G5: #F57C00 | H5: continua
A6: E28 | B6: Vía E28 (ruta principal) | C6: 5 | D6: 611 | E6: 152 | F6: Pacto (PC3) | G6: #F57C00 | H6: continua
A7: SUR | B7: Desvíos vía Alóag – Santo Domingo | C7: 1 | D7: 540 | E7: 434 | F7: 3.er filtro San Antonio | G7: #1565C0 | H7: flecha
A8: SUR | B8: Desvíos vía Alóag – Santo Domingo | C8: 2 | D8: 568 | E8: 488 | F8: 2.º filtro Portal Shopping | G8: #1565C0 | H8: flecha
A9: SUR | B9: Desvíos vía Alóag – Santo Domingo | C9: 3 | D9: 573 | E9: 541 | F9: 1.er filtro Redondel del Condado | G9: #1565C0 | H9: flecha
A10: SUR | B10: Desvíos vía Alóag – Santo Domingo | C10: 4 | D10: 590 | E10: 592 | F10: Alóag – Santo Domingo | G10: #1565C0 | H10: flecha
A12: Trazado esquemático sobre la lámina (píxeles). Para un mapa real, usar la geometría de OpenStreetMap.

Sheet PANELES_LAMINA
A1: panel_id | B1: titulo | C1: x | D1: y | E1: ancho | F1: alto | G1: puntos_relacionados
A2: panel_pc1 | B2: Punto de control 1 – Nanegalito, Vía E28 | C2: 8 | D2: 95 | E2: 370 | F2: 298 | G2: PC1
A3: panel_desvios | B3: Desvíos hacia el sur (Vía Alóag – Santo Domingo) | C3: 8 | D3: 398 | E3: 370 | F3: 252 | G3: F1,F2,F3
A4: panel_mision | B4: Nuestra misión | C4: 8 | D4: 655 | E4: 370 | F4: 75
A5: panel_resumen | B5: Resumen de logística y personal | C5: 8 | D5: 733 | E5: 566 | F5: 72
A6: panel_total | B6: Total logística y personal | C6: 580 | D6: 733 | E6: 392 | F6: 72
A7: panel_pc2 | B7: Punto de control 2 – Desvío Km 78, Tulipe / Gualea | C7: 843 | D7: 95 | E7: 413 | F7: 245 | G7: PC2
A8: panel_pc3 | B8: Punto de control 3 – Eje central Pacto – Mashpi | C8: 843 | D8: 345 | E8: 413 | F8: 220 | G8: PC3
A9: panel_cierre | B9: Cierre especial – Vía Cusubamba | C9: 843 | D9: 570 | E9: 413 | F9: 155 | G9: CE1
A10: panel_simbologia | B10: Simbología | C10: 385 | D10: 618 | E10: 452 | F10: 112

Sheet RESUMEN
A1: RESUMEN DE LOGÍSTICA Y PERSONAL
A2: indicador | B2: valor_calculado | C2: valor_en_lamina | D2: verificacion
A3: Agentes en puntos de control | B3: =SUMIFS(PUNTOS_OPERATIVOS!K:K,PUNTOS_OPERATIVOS!F:F,"Control") -> 16 | C3: 16 | D3: =IF(B3=C3,"OK","REVISAR") -> OK
A4: Agentes en desvíos | B4: =SUMIFS(PUNTOS_OPERATIVOS!K:K,PUNTOS_OPERATIVOS!F:F,"Desvíos hacia el sur") -> 6 | C4: 6 | D4: =IF(B4=C4,"OK","REVISAR") -> OK
A5: Agentes – total | B5: =SUM(PUNTOS_OPERATIVOS!K:K) -> 22 | C5: 22 | D5: =IF(B5=C5,"OK","REVISAR") -> OK
A6: Patrulleros (punto 1 + punto 3) | B6: =SUM(PUNTOS_OPERATIVOS!L:L) -> 4 | C6: 4 | D6: =IF(B6=C6,"OK","REVISAR") -> OK
A7: Motorizados en puntos de control | B7: =SUMIFS(PUNTOS_OPERATIVOS!M:M,PUNTOS_OPERATIVOS!F:F,"Control") -> 8 | C7: 8 | D7: =IF(B7=C7,"OK","REVISAR") -> OK
A8: Motorizados en desvíos | B8: =SUMIFS(PUNTOS_OPERATIVOS!M:M,PUNTOS_OPERATIVOS!F:F,"Desvíos hacia el sur") -> 3 | C8: 3 | D8: =IF(B8=C8,"OK","REVISAR") -> OK
A9: Motorizados – total | B9: =SUM(PUNTOS_OPERATIVOS!M:M) -> 11 | C9: 11 | D9: =IF(B9=C9,"OK","REVISAR") -> OK
A10: TOTAL LOGÍSTICA Y PERSONAL | B10: =B5+B6+B9 -> 37 | C10: 37 | D10: =IF(B10=C10,"OK","REVISAR") -> OK

Sheet SIMBOLOGIA
A1: capa | B1: descripcion | C1: geometria | D1: color_hex | E1: estilo
A2: via_e28 | B2: Vía E28 | C2: Línea | D2: #F57C00 | E2: Continua
A3: ruta_principal | B3: Ruta principal | C3: Línea | D3: #FBC02D | E3: Continua
A4: desvio_sur | B4: Desvíos vía Alóag – Santo Domingo | C4: Línea | D4: #1565C0 | E4: Flecha
A5: desvio_cusubamba | B5: Desvío a Cusubamba (vehículos pesados) | C5: Línea | D5: #7B1FA2 | E5: Flecha
A6: limite_amt | B6: Límite de jurisdicción AMT | C6: Polígono | D6: #FFFFFF | E6: Borde punteado
A7: deslizamiento | B7: Deslizamiento | C7: Punto | D7: #D32F2F | E7: Triángulo de alerta
A8: prohibido_pesados | B8: Desvío para pesados (Y de Cusubamba) | C8: Punto | D8: #D32F2F | E8: Señal de prohibido
A9: desvio_pesados | B9: Desvío de vehículos pesados | C9: Punto | D9: #EF6C00 | E9: Ícono de camión

Sheet OBSERVACIONES
A1: n | B1: tema | C1: observacion
A2: 1 | B2: Mapa | C2: El recuadro del punto 3 en el mapa dice «Punto de control 2 Pacto – Mashpi»; el panel lateral lo identifica como Punto de control 3. Se usó PC3.
A3: 2 | B3: Desvíos | C3: Los círculos de los filtros en el mapa muestran 3, 2, 2; los rótulos dicen 3.er, 2.º y 1.er filtro. Se usó el orden de los rótulos.
A4: 3 | B4: Texto | C4: «tráfico fulono» se interpretó como «tráfico liviano»; «prolectura» como «Prefectura».
A5: 4 | B5: Cusubamba | C5: El rótulo «Desvío adicional (Y de Cusubamba) para vehículos pesados» está borroso en la lámina. Su ubicación geográfica no está verificada.
A6: 5 | B6: Albergues | C6: Los albergues 25 de Septiembre y La Sexta se mencionan sin ubicación en el mapa.
A7: 6 | B7: Totales | C7: Los totales de la lámina (22 agentes, 4 patrulleros, 11 motorizados, 37 recursos) coinciden con la suma por punto.
