Workbook

Sheet LEEME
A1: DESPLIEGUE OPERATIVO POLICIAL – EVENTO 3 · Base de datos para mapa interactivo
A3: Hoja | B3: Contenido / uso en el mapa
A4: EVENTO | B4: Metadatos del evento (título, fecha, ámbito, jurisdicción). Úsalo para el encabezado del mapa.
A5: PUNTOS_INTERVENCION | B5: 1 fila = 1 marcador. Puntos dentro del DMQ con lat/lon, servidores, recursos, color e ícono. Clave: punto_id.
A6: RECURSOS_DETALLE | B6: Desglose normalizado de recursos por punto (relación N:1 con PUNTOS_INTERVENCION vía punto_id). Ideal para el popup.
A7: ZONAS_COORDINACION | B7: Cantones fuera del DMQ (marcadores amarillos) con su acción de coordinación.
A8: INCIDENTES | B8: Zonas de afectación (ícono de alerta ⚠).
A9: VIAS_AFECTADAS | B9: Vértices de la vía E28 afectada / cierre. Agrupar por via_id y ordenar por orden → polilínea roja discontinua.
A10: ETIQUETAS_MAPA | B10: Rótulos de provincias / zonas vecinas (Pichincha, Imbabura, Napo, Cotopaxi, Santo Domingo).
A11: TURNOS | B11: Turnos operativos de 8 horas.
A12: LOGISTICA | B12: Medios logísticos por tipo (totales calculados con fórmulas desde RECURSOS_DETALLE).
A13: RESUMEN | B13: Totales de la Zona 9 calculados con fórmulas + verificación contra la imagen.
A14: SIMBOLOGIA | B14: Capas, colores HEX y estilos de línea para replicar la leyenda en el mapa.
... A18: Uso en VS Code | B18: Leaflet o Mapbox: lee el Excel con SheetJS (xlsx) en JS o exporta cada hoja a CSV/JSON con pandas. Une PUNTOS_INTERVENCION + RECURSOS_DETALLE por punto_id.

Sheet EVENTO
A1: campo | B1: valor
A2: evento_id | B2: EV-03
A3: titulo | B3: Despliegue Operativo Policial – Evento 3
A4: tipo_evento | B4: Inundaciones, deslizamientos, colapsos de infraestructura y alteraciones del orden público
A5: fecha_hora | B5: 27/11/2028 03:00
A6: ambito_territorial | B6: Distrito Metropolitano de Quito (DMQ)
A7: jurisdiccion | B7: Policía Nacional – Zona 9
A8: institucion | B8: Policía Nacional del Ecuador – Zona 9 – DMQ
A9: centro_mapa_lat | B9: -0.12
A10: centro_mapa_lon | B10: -78.55
A11: zoom_inicial | B11: 10
A12: nota | B12: Rumiñahui, Mejía, Pedro Vicente Maldonado y Puerto Quito se coordinan con las zonas policiales correspondientes y los COE cantonales y parroquiales.

Sheet PUNTOS_INTERVENCION
A1: punto_id | B1: nombre | C1: sector | D1: tipo_operacion | E1: ambito | F1: lat | G1: lon | H1: servidores_total | I1: patrulleros | J1: motocicletas | K1: prioridad | L1: color_hex | M1: icono | N1: popup_texto | O1: observacion
A2: P01 | B2: E28 Calacalí | C2: Calacalí | D2: Control de tránsito | E2: DMQ | F2: -0.0003 | G2: -78.5133 | H2: =SUMIFS(RECURSOS_DETALLE!$F:$F,RECURSOS_DETALLE!$A:$A,A2,RECURSOS_DETALLE!$G:$G,"SI") -> 8 | I2: =SUMIFS(RECURSOS_DETALLE!$C:$C,RECURSOS_DETALLE!$A:$A,A2,RECURSOS_DETALLE!$B:$B,"Patrullero") -> 1 | J2: =SUMIFS(RECURSOS_DETALLE!$C:$C,RECURSOS_DETALLE!$A:$A,A2,RECURSOS_DETALLE!$B:$B,"Motocicleta") -> 2 | K2: Alta | L2: #C1121F | M2: car | N2: 4 personal (Tránsito) · 1 patrullero (2 personal) · 2 motos (1 personal c/u)
A3: P02 | B3: Nanegal | C3: Nanegal | D3: Control de tránsito | E3: DMQ | F3: 0.129 | G3: -78.668 | H3: =SUMIFS(RECURSOS_DETALLE!$F:$F,RECURSOS_DETALLE!$A:$A,A3,RECURSOS_DETALLE!$G:$G,"SI") -> 8 | I3: =SUMIFS(RECURSOS_DETALLE!$C:$C,RECURSOS_DETALLE!$A:$A,A3,RECURSOS_DETALLE!$B:$B,"Patrullero") -> 1 | J3: =SUMIFS(RECURSOS_DETALLE!$C:$C,RECURSOS_DETALLE!$A:$A,A3,RECURSOS_DETALLE!$B:$B,"Motocicleta") -> 2 | K3: Alta | L3: #C1121F | M3: car | N3: 4 personal (Tránsito) · 1 patrullero (2 personal) · 2 motos (1 personal c/u) | O3: Zona de afectación en la vía E28 cercana
A4: P03 | B4: Quito urbano | C4: Quito urbano | D4: Infraestructura estratégica | E4: DMQ | F4: -0.22 | G4: -78.5125 | H4: =SUMIFS(RECURSOS_DETALLE!$F:$F,RECURSOS_DETALLE!$A:$A,A4,RECURSOS_DETALLE!$G:$G,"SI") -> 6 | I4: =SUMIFS(RECURSOS_DETALLE!$C:$C,RECURSOS_DETALLE!$A:$A,A4,RECURSOS_DETALLE!$B:$B,"Patrullero") -> 2 | J4: =SUMIFS(RECURSOS_DETALLE!$C:$C,RECURSOS_DETALLE!$A:$A,A4,RECURSOS_DETALLE!$B:$B,"Motocicleta") -> 0 | K4: Media | L4: #0B2545 | M4: shield | N4: 2 equipos de 3 servidores · 2 patrulleros · Vigilancia y control preventivo | O4: Los 2 patrulleros son tripulados por los 6 servidores
A5: P04 | B5: Redondel Mitad del Mundo | C5: Mitad del Mundo | D5: Control de tránsito y desvíos | E5: DMQ | F5: -0.006 | G5: -78.452 | H5: =SUMIFS(RECURSOS_DETALLE!$F:$F,RECURSOS_DETALLE!$A:$A,A5,RECURSOS_DETALLE!$G:$G,"SI") -> 2 | I5: =SUMIFS(RECURSOS_DETALLE!$C:$C,RECURSOS_DETALLE!$A:$A,A5,RECURSOS_DETALLE!$B:$B,"Patrullero") -> 1 | J5: =SUMIFS(RECURSOS_DETALLE!$C:$C,RECURSOS_DETALLE!$A:$A,A5,RECURSOS_DETALLE!$B:$B,"Motocicleta") -> 0 | K5: Alta | L5: #C1121F | M5: car | N5: 2 personal (Tránsito) · 1 patrullero (2 personal) | O5: La imagen indica total 2: el mismo personal de tránsito opera el patrullero
A6: P05 | B6: La Independencia | C6: La Independencia | D6: Punto de referencia (vía E28) | E6: DMQ | F6: -0.02 | G6: -78.5 | H6: 0 | I6: 0 | J6: 0 | K6: Referencia | L6: #C1121F | M6: circle | N6: Punto de referencia en la vía afectada E28 (sin recursos asignados) | O6: Aparece en el mapa sin recursos
A8: servidores_total, patrulleros y motocicletas se calculan desde RECURSOS_DETALLE (columna cuenta_en_total = SI).

Sheet RECURSOS_DETALLE
A1: punto_id | B1: tipo_recurso | C1: cantidad | D1: personal_por_unidad | E1: descripcion | F1: personal_total | G1: cuenta_en_total
A2: P01 | B2: Personal tránsito | C2: 4 | D2: 1 | E2: 4 personal (Tránsito) | F2: =C2*D2 -> 4 | G2: SI
A3: P01 | B3: Patrullero | C3: 1 | D3: 2 | E3: 1 patrullero (2 personal) | F3: =C3*D3 -> 2 | G3: SI
A4: P01 | B4: Motocicleta | C4: 2 | D4: 1 | E4: 2 motos (1 personal c/u) | F4: =C4*D4 -> 2 | G4: SI
A5: P02 | B5: Personal tránsito | C5: 4 | D5: 1 | E5: 4 personal (Tránsito) | F5: =C5*D5 -> 4 | G5: SI
A6: P02 | B6: Patrullero | C6: 1 | D6: 2 | E6: 1 patrullero (2 personal) | F6: =C6*D6 -> 2 | G6: SI
A7: P02 | B7: Motocicleta | C7: 2 | D7: 1 | E7: 2 motos (1 personal c/u) | F7: =C7*D7 -> 2 | G7: SI
A8: P03 | B8: Equipo de servidores | C8: 2 | D8: 3 | E8: 2 equipos de 3 servidores | F8: =C8*D8 -> 6 | G8: SI
A9: P03 | B9: Patrullero | C9: 2 | D9: 0 | E9: 2 patrulleros (tripulados por los equipos) | F9: =C9*D9 -> 0 | G9: NO
A10: P03 | B10: Actividad | C10: 0 | D10: 0 | E10: Vigilancia y control preventivo | F10: =C10*D10 -> 0 | G10: NO
A11: P04 | B11: Personal tránsito | C11: 2 | D11: 1 | E11: 2 personal (Tránsito) | F11: =C11*D11 -> 2 | G11: SI
A12: P04 | B12: Patrullero | C12: 1 | D12: 2 | E12: 1 patrullero (2 personal) – mismo personal de tránsito | F12: =C12*D12 -> 2 | G12: NO
A14: cuenta_en_total = NO evita doble conteo de personal (vehículos tripulados por personal ya contado). Los vehículos sí se suman en LOGISTICA.

Sheet ZONAS_COORDINACION
A1: zona_id | B1: canton | C1: ambito | D1: cabecera_lat | E1: cabecera_lon | F1: accion_coordinacion | G1: color_hex | H1: icono
A2: Z01 | B2: Rumiñahui | C2: Fuera del DMQ | D2: -0.3126 | E2: -78.4453 | F2: Coordinar con la zona policial competente y COE cantonal. | G2: #FFD60A | H2: handshake
A3: Z02 | B3: Mejía | C3: Fuera del DMQ | D3: -0.5104 | E3: -78.5672 | F3: Coordinar con la zona policial competente y COE cantonal. | G3: #FFD60A | H3: handshake
A4: Z03 | B4: Pedro Vicente Maldonado | C4: Fuera del DMQ | D4: 0.0861 | E4: -79.051 | F4: Coordinar con la zona policial competente y COE cantonal / parroquial. | G4: #FFD60A | H4: handshake
A5: Z04 | B5: Puerto Quito | C5: Fuera del DMQ | D5: 0.1236 | E5: -79.2531 | F5: Coordinar con la zona policial competente y COE cantonal / parroquial. | G5: #FFD60A | H5: handshake

Sheet INCIDENTES
A1: incidente_id | B1: nombre | C1: tipo | D1: lat | E1: lon | F1: via_relacionada | G1: punto_relacionado | H1: estado | I1: color_hex | J1: icono
A2: I01 | B2: Zona de afectación vía Calacalí – Nanegal | C2: Deslizamiento / afectación vial | D2: 0.085 | E2: -78.6 | F2: E28 | G2: P02 | H2: Activo | I2: #C1121F | J2: warning

Sheet VIAS_AFECTADAS
A1: via_id | B1: nombre_via | C1: orden | D1: lat | E1: lon | F1: referencia | G1: estado | H1: color_hex | I1: estilo_linea
A2: E28 | B2: Vía E28 Calacalí – Nanegal | C2: 1 | D2: -0.02 | E2: -78.5 | F2: La Independencia | G2: Afectación / cierre | H2: #C1121F | I2: discontinua
A3: E28 | B3: Vía E28 Calacalí – Nanegal | C3: 2 | D3: -0.0003 | E3: -78.5133 | F3: Calacalí | G3: Afectación / cierre | H3: #C1121F | I3: discontinua
A4: E28 | B4: Vía E28 Calacalí – Nanegal | C4: 3 | D4: 0.03 | E4: -78.56 | F4: Tramo E28 | G4: Afectación / cierre | H4: #C1121F | I4: discontinua
A5: E28 | B5: Vía E28 Calacalí – Nanegal | C5: 4 | D5: 0.06 | E5: -78.6 | F5: Tramo E28 | G5: Afectación / cierre | H5: #C1121F | I5: discontinua
A6: E28 | B6: Vía E28 Calacalí – Nanegal | C6: 5 | D6: 0.085 | E6: -78.6 | F6: Zona de afectación | G6: Afectación / cierre | H6: #C1121F | I6: discontinua
A7: E28 | B7: Vía E28 Calacalí – Nanegal | C7: 6 | D7: 0.11 | E7: -78.64 | F7: Tramo hacia Nanegal | G7: Afectación / cierre | H7: #C1121F | I7: discontinua
A8: E28 | B8: Vía E28 Calacalí – Nanegal | C8: 7 | D8: 0.129 | E8: -78.668 | F8: Nanegal | G8: Afectación / cierre | H8: #C1121F | I8: discontinua
A10: Trazado esquemático aproximado. Para mayor precisión, reemplazar por la geometría real (OpenStreetMap / MTOP).

Sheet ETIQUETAS_MAPA
A1: etiqueta | B1: tipo | C1: lat | D1: lon
A2: PICHINCHA | B2: Provincia | C2: 0.25 | D2: -78.7
A3: IMBABURA | B3: Provincia vecina | C3: 0.3 | D3: -78.35
A4: NAPO | B4: Provincia vecina | C4: -0.1 | D4: -78.1
A5: COTOPAXI | B5: Provincia vecina | C5: -0.7 | D5: -78.6
A6: SANTO DOMINGO (Zona 8) | B6: Zona policial vecina | C6: -0.15 | D6: -79.05
A7: Quito (DMQ) | B7: Ciudad principal | C7: -0.22 | D7: -78.5125

Sheet TURNOS
A1: turno | B1: hora_inicio | C1: hora_fin | D1: personal | E1: duracion_h
A2: Turno 1 | B2: 00:00 | C2: 08:00 | D2: 24 | E2: 8
A3: Turno 2 | B3: 08:00 | C3: 16:00 | D3: 24 | E3: 8
A4: Turno 3 | B4: 16:00 | C4: 00:00 | D4: 24 | E4: 8
A6: Personal por turno (según despliegue) | D6: =RESUMEN!B3 -> 24
A7: Horas-servidor por día | D7: =SUMPRODUCT(D2:D4,E2:E4) -> 576

Sheet LOGISTICA
A1: tipo_unidad | B1: cantidad | C1: fuente
A2: Patrulleros | B2: =SUMIFS(RECURSOS_DETALLE!C:C,RECURSOS_DETALLE!B:B,"Patrullero") -> 5 | C2: Suma de RECURSOS_DETALLE
A3: Motocicletas | B3: =SUMIFS(RECURSOS_DETALLE!C:C,RECURSOS_DETALLE!B:B,"Motocicleta") -> 4 | C3: Suma de RECURSOS_DETALLE
A4: TOTAL | B4: =SUM(B2:B3) -> 9

Sheet RESUMEN
A1: RESUMEN TOTAL ZONA 9 – DMQ
A2: indicador | B2: valor_calculado | C2: valor_en_imagen | D2: verificacion
A3: Servidores policiales (DMQ) | B3: =SUM(PUNTOS_INTERVENCION!H:H) -> 24 | C3: 24 | D3: =IF(B3=C3,"OK","REVISAR") -> OK
A4: Patrulleros | B4: =LOGISTICA!B2 -> 5 | C4: 5 | D4: =IF(B4=C4,"OK","REVISAR") -> OK
A5: Motocicletas | B5: =LOGISTICA!B3 -> 4 | C5: 4 | D5: =IF(B5=C5,"OK","REVISAR") -> OK
A6: Unidades logísticas | B6: =LOGISTICA!B4 -> 9 | C6: 9 | D6: =IF(B6=C6,"OK","REVISAR") -> OK
A7: Puntos de intervención con recursos | B7: =COUNTIFS(PUNTOS_INTERVENCION!H:H,">0") -> 4 | C7: 4 | D7: =IF(B7=C7,"OK","REVISAR") -> OK
A8: Zonas de coordinación fuera del DMQ | B8: =COUNTA(ZONAS_COORDINACION!A:A)-1 -> 4 | C8: 4 | D8: =IF(B8=C8,"OK","REVISAR") -> OK

Sheet SIMBOLOGIA
A1: capa | B1: descripcion | C1: geometria | D1: color_hex | E1: estilo | F1: hoja_origen
A2: incidentes | B2: Zonas de afectación / incidentes | C2: Punto | D2: #C1121F | E2: Ícono ⚠ | F2: INCIDENTES
A3: vias_afectadas | B3: Vía con afectación / cierre | C3: Línea | D3: #C1121F | E3: Discontinua | F3: VIAS_AFECTADAS
A4: ejes_viales | B4: Ejes viales principales | C4: Línea | D4: #FFD60A | E4: Continua | F4: Capa base (OSM)
A5: rios | B5: Ríos y quebradas principales | C5: Línea | D5: #1E90FF | E5: Continua | F5: Capa base (OSM)
A6: limite_dmq | B6: Límite del DMQ (Zona 9) | C6: Polígono | D6: #FFFFFF | E6: Borde blanco grueso | F6: GeoJSON externo (INEC/Municipio)
A7: limite_cantonal | B7: Límite cantonal | C7: Polígono | D7: #FFD60A | E7: Borde amarillo discontinuo | F7: GeoJSON externo (INEC)
A8: otros_cantones | B8: Otros cantones (zona correspondiente) | C8: Polígono | D8: #FFD60A | E8: Borde amarillo / relleno tenue | F8: ZONAS_COORDINACION
A9: puntos_dmq | B9: Puntos de intervención DMQ | C9: Punto | D9: #C1121F | E9: Marcador rojo | F9: PUNTOS_INTERVENCION
A10: coordinacion | B10: Zonas fuera del DMQ – Coordinación | C10: Punto | D10: #FFD60A | E10: Marcador amarillo | F10: ZONAS_COORDINACION
